{
    "code": 200,
    "msg": "",
    "count": 1000,
    "data": [
        {
            "id": 10000,
            "area": "北京"
        },
        {
            "id": 10001,
            "area": "上海"
        },
        {
            "id": 10002,
            "area": "广州"
        },
        {
            "id": 10003,
            "area": "深圳"
        },
        {
            "id": 10004,
            "area": "长沙"
        },
        {
            "id": 10005,
            "area": "株洲"
        },
        {
            "id": 10006,
            "area": "重庆"
        },
        {
            "id": 10007,
            "area": "东莞"
        }
    ]
}